scenario_id,scenario_name,edge_id,congestion_level,time_multiplier,rain_risk,fog_risk,construction_penalty,closed,notes
S0,weekday_normal,E001,1,1.0,0,0,0,False,Template value—review manually
S1,weekend_busy,E001,4,1.35,0,0,0,False,Template value—review manually
S2,evening_rush,E001,5,1.6,0,0,0,False,Template value—review manually
S3,heavy_rain,E001,3,1.3,4,0,0,False,Template value—review manually
S4,dense_fog,E001,2,1.2,0,4,0,False,Template value—review manually
S0,weekday_normal,E002,1,1.0,0,0,0,False,Template value—review manually
S1,weekend_busy,E002,4,1.35,0,0,0,False,Template value—review manually
S2,evening_rush,E002,5,1.6,0,0,0,False,Template value—review manually
S3,heavy_rain,E002,3,1.3,4,0,0,False,Template value—review manually
S4,dense_fog,E002,2,1.2,0,4,0,False,Template value—review manually
S0,weekday_normal,E003,1,1.0,0,0,0,False,Template value—review manually
S1,weekend_busy,E003,4,1.35,0,0,0,False,Template value—review manually
S2,evening_rush,E003,5,1.6,0,0,0,False,Template value—review manually
S3,heavy_rain,E003,3,1.3,4,0,0,False,Template value—review manually
S4,dense_fog,E003,2,1.2,0,4,0,False,Template value—review manually
S0,weekday_normal,E004,1,1.0,0,0,0,False,Template value—review manually
S1,weekend_busy,E004,4,1.35,0,0,0,False,Template value—review manually
S2,evening_rush,E004,5,1.6,0,0,0,False,Template value—review manually
S3,heavy_rain,E004,3,1.3,4,0,0,False,Template value—review manually
S4,dense_fog,E004,2,1.2,0,4,0,False,Template value—review manually
S0,weekday_normal,E005,1,1.0,0,0,0,False,Template value—review manually
S1,weekend_busy,E005,4,1.35,0,0,0,False,Template value—review manually
S2,evening_rush,E005,5,1.6,0,0,0,False,Template value—review manually
S3,heavy_rain,E005,3,1.3,4,0,0,False,Template value—review manually
S4,dense_fog,E005,2,1.2,0,4,0,False,Template value—review manually
S0,weekday_normal,E006,1,1.0,0,0,0,False,Template value—review manually
S1,weekend_busy,E006,4,1.35,0,0,0,False,Template value—review manually
S2,evening_rush,E006,5,1.6,0,0,0,False,Template value—review manually
S3,heavy_rain,E006,3,1.3,4,0,0,False,Template value—review manually
S4,dense_fog,E006,2,1.2,0,4,0,False,Template value—review manually
S0,weekday_normal,E007,1,1.0,0,0,0,False,Template value—review manually
S1,weekend_busy,E007,4,1.35,0,0,0,False,Template value—review manually
S2,evening_rush,E007,5,1.6,0,0,0,False,Template value—review manually
S3,heavy_rain,E007,3,1.3,4,0,0,False,Template value—review manually
S4,dense_fog,E007,2,1.2,0,4,0,False,Template value—review manually
S0,weekday_normal,E008,1,1.0,0,0,0,False,Template value—review manually
S1,weekend_busy,E008,4,1.35,0,0,0,False,Template value—review manually
S2,evening_rush,E008,5,1.6,0,0,0,False,Template value—review manually
S3,heavy_rain,E008,3,1.3,4,0,0,False,Template value—review manually
S4,dense_fog,E008,2,1.2,0,4,0,False,Template value—review manually
S0,weekday_normal,E009,1,1.0,0,0,0,False,Template value—review manually
S1,weekend_busy,E009,4,1.35,0,0,0,False,Template value—review manually
S2,evening_rush,E009,5,1.6,0,0,0,False,Template value—review manually
S3,heavy_rain,E009,3,1.3,4,0,0,False,Template value—review manually
S4,dense_fog,E009,2,1.2,0,4,0,False,Template value—review manually
S0,weekday_normal,E010,1,1.0,0,0,0,False,Template value—review manually
S1,weekend_busy,E010,4,1.35,0,0,0,False,Template value—review manually
S2,evening_rush,E010,5,1.6,0,0,0,False,Template value—review manually
S3,heavy_rain,E010,3,1.3,4,0,0,False,Template value—review manually
S4,dense_fog,E010,2,1.2,0,4,0,False,Template value—review manually
S0,weekday_normal,E011,1,1.0,0,0,0,False,Template value—review manually
S1,weekend_busy,E011,4,1.35,0,0,0,False,Template value—review manually
S2,evening_rush,E011,5,1.6,0,0,0,False,Template value—review manually
S3,heavy_rain,E011,3,1.3,4,0,0,False,Template value—review manually
S4,dense_fog,E011,2,1.2,0,4,0,False,Template value—review manually
S0,weekday_normal,E012,1,1.0,0,0,0,False,Template value—review manually
S1,weekend_busy,E012,4,1.35,0,0,0,False,Template value—review manually
S2,evening_rush,E012,5,1.6,0,0,0,False,Template value—review manually
S3,heavy_rain,E012,3,1.3,4,0,0,False,Template value—review manually
S4,dense_fog,E012,2,1.2,0,4,0,False,Template value—review manually
S0,weekday_normal,E013,1,1.0,0,0,0,False,Template value—review manually
S1,weekend_busy,E013,4,1.35,0,0,0,False,Template value—review manually
S2,evening_rush,E013,5,1.6,0,0,0,False,Template value—review manually
S3,heavy_rain,E013,3,1.3,4,0,0,False,Template value—review manually
S4,dense_fog,E013,2,1.2,0,4,0,False,Template value—review manually
S0,weekday_normal,E014,1,1.0,0,0,0,False,Template value—review manually
S1,weekend_busy,E014,4,1.35,0,0,0,False,Template value—review manually
S2,evening_rush,E014,5,1.6,0,0,0,False,Template value—review manually
S3,heavy_rain,E014,3,1.3,4,0,0,False,Template value—review manually
S4,dense_fog,E014,2,1.2,0,4,0,False,Template value—review manually
S0,weekday_normal,E015,1,1.0,0,0,0,False,Template value—review manually
S1,weekend_busy,E015,4,1.35,0,0,0,False,Template value—review manually
S2,evening_rush,E015,5,1.6,0,0,0,False,Template value—review manually
S3,heavy_rain,E015,3,1.3,4,0,0,False,Template value—review manually
S4,dense_fog,E015,2,1.2,0,4,0,False,Template value—review manually
S0,weekday_normal,E016,1,1.0,0,0,0,False,Template value—review manually
S1,weekend_busy,E016,4,1.35,0,0,0,False,Template value—review manually
S2,evening_rush,E016,5,1.6,0,0,0,False,Template value—review manually
S3,heavy_rain,E016,3,1.3,4,0,0,False,Template value—review manually
S4,dense_fog,E016,2,1.2,0,4,0,False,Template value—review manually
S0,weekday_normal,E017,1,1.0,0,0,0,False,Template value—review manually
S1,weekend_busy,E017,4,1.35,0,0,0,False,Template value—review manually
S2,evening_rush,E017,5,1.6,0,0,0,False,Template value—review manually
S3,heavy_rain,E017,3,1.3,4,0,0,False,Template value—review manually
S4,dense_fog,E017,2,1.2,0,4,0,False,Template value—review manually
S0,weekday_normal,E018,1,1.0,0,0,0,False,Template value—review manually
S1,weekend_busy,E018,4,1.35,0,0,0,False,Template value—review manually
S2,evening_rush,E018,5,1.6,0,0,0,False,Template value—review manually
S3,heavy_rain,E018,3,1.3,4,0,0,False,Template value—review manually
S4,dense_fog,E018,2,1.2,0,4,0,False,Template value—review manually
S0,weekday_normal,E019,1,1.0,0,0,0,False,Template value—review manually
S1,weekend_busy,E019,4,1.35,0,0,0,False,Template value—review manually
S2,evening_rush,E019,5,1.6,0,0,0,False,Template value—review manually
S3,heavy_rain,E019,3,1.3,4,0,0,False,Template value—review manually
S4,dense_fog,E019,2,1.2,0,4,0,False,Template value—review manually
S0,weekday_normal,E020,1,1.0,0,0,0,False,Template value—review manually
S1,weekend_busy,E020,4,1.35,0,0,0,False,Template value—review manually
S2,evening_rush,E020,5,1.6,0,0,0,False,Template value—review manually
S3,heavy_rain,E020,3,1.3,4,0,0,False,Template value—review manually
S4,dense_fog,E020,2,1.2,0,4,0,False,Template value—review manually
S0,weekday_normal,E021,1,1.0,0,0,0,False,Template value—review manually
S1,weekend_busy,E021,4,1.35,0,0,0,False,Template value—review manually
S2,evening_rush,E021,5,1.6,0,0,0,False,Template value—review manually
S3,heavy_rain,E021,3,1.3,4,0,0,False,Template value—review manually
S4,dense_fog,E021,2,1.2,0,4,0,False,Template value—review manually
S0,weekday_normal,E022,1,1.0,0,0,0,False,Template value—review manually
S1,weekend_busy,E022,4,1.35,0,0,0,False,Template value—review manually
S2,evening_rush,E022,5,1.6,0,0,0,False,Template value—review manually
S3,heavy_rain,E022,3,1.3,4,0,0,False,Template value—review manually
S4,dense_fog,E022,2,1.2,0,4,0,False,Template value—review manually
S0,weekday_normal,E023,1,1.0,0,0,0,False,Template value—review manually
S1,weekend_busy,E023,4,1.35,0,0,0,False,Template value—review manually
S2,evening_rush,E023,5,1.6,0,0,0,False,Template value—review manually
S3,heavy_rain,E023,3,1.3,4,0,0,False,Template value—review manually
S4,dense_fog,E023,2,1.2,0,4,0,False,Template value—review manually
S0,weekday_normal,E024,1,1.0,0,0,0,False,Template value—review manually
S1,weekend_busy,E024,4,1.35,0,0,0,False,Template value—review manually
S2,evening_rush,E024,5,1.6,0,0,0,False,Template value—review manually
S3,heavy_rain,E024,3,1.3,4,0,0,False,Template value—review manually
S4,dense_fog,E024,2,1.2,0,4,0,False,Template value—review manually
S0,weekday_normal,E025,1,1.0,0,0,0,False,Template value—review manually
S1,weekend_busy,E025,4,1.35,0,0,0,False,Template value—review manually
S2,evening_rush,E025,5,1.6,0,0,0,False,Template value—review manually
S3,heavy_rain,E025,3,1.3,4,0,0,False,Template value—review manually
S4,dense_fog,E025,2,1.2,0,4,0,False,Template value—review manually
S0,weekday_normal,E026,1,1.0,0,0,0,False,Template value—review manually
S1,weekend_busy,E026,4,1.35,0,0,0,False,Template value—review manually
S2,evening_rush,E026,5,1.6,0,0,0,False,Template value—review manually
S3,heavy_rain,E026,3,1.3,4,0,0,False,Template value—review manually
S4,dense_fog,E026,2,1.2,0,4,0,False,Template value—review manually
S0,weekday_normal,E027,1,1.0,0,0,0,False,Template value—review manually
S1,weekend_busy,E027,4,1.35,0,0,0,False,Template value—review manually
S2,evening_rush,E027,5,1.6,0,0,0,False,Template value—review manually
S3,heavy_rain,E027,3,1.3,4,0,0,False,Template value—review manually
S4,dense_fog,E027,2,1.2,0,4,0,False,Template value—review manually
S0,weekday_normal,E028,1,1.0,0,0,0,False,Template value—review manually
S1,weekend_busy,E028,4,1.35,0,0,0,False,Template value—review manually
S2,evening_rush,E028,5,1.6,0,0,0,False,Template value—review manually
S3,heavy_rain,E028,3,1.3,4,0,0,False,Template value—review manually
S4,dense_fog,E028,2,1.2,0,4,0,False,Template value—review manually
S0,weekday_normal,E029,1,1.0,0,0,0,False,Template value—review manually
S1,weekend_busy,E029,4,1.35,0,0,0,False,Template value—review manually
S2,evening_rush,E029,5,1.6,0,0,0,False,Template value—review manually
S3,heavy_rain,E029,3,1.3,4,0,0,False,Template value—review manually
S4,dense_fog,E029,2,1.2,0,4,0,False,Template value—review manually
S0,weekday_normal,E030,1,1.0,0,0,0,False,Template value—review manually
S1,weekend_busy,E030,4,1.35,0,0,0,False,Template value—review manually
S2,evening_rush,E030,5,1.6,0,0,0,False,Template value—review manually
S3,heavy_rain,E030,3,1.3,4,0,0,False,Template value—review manually
S4,dense_fog,E030,2,1.2,0,4,0,False,Template value—review manually
S0,weekday_normal,E031,1,1.0,0,0,0,False,Template value—review manually
S1,weekend_busy,E031,4,1.35,0,0,0,False,Template value—review manually
S2,evening_rush,E031,5,1.6,0,0,0,False,Template value—review manually
S3,heavy_rain,E031,3,1.3,4,0,0,False,Template value—review manually
S4,dense_fog,E031,2,1.2,0,4,0,False,Template value—review manually
S0,weekday_normal,E032,1,1.0,0,0,0,False,Template value—review manually
S1,weekend_busy,E032,4,1.35,0,0,0,False,Template value—review manually
S2,evening_rush,E032,5,1.6,0,0,0,False,Template value—review manually
S3,heavy_rain,E032,3,1.3,4,0,0,False,Template value—review manually
S4,dense_fog,E032,2,1.2,0,4,0,False,Template value—review manually
S0,weekday_normal,E033,1,1.0,0,0,0,False,Template value—review manually
S1,weekend_busy,E033,4,1.35,0,0,0,False,Template value—review manually
S2,evening_rush,E033,5,1.6,0,0,0,False,Template value—review manually
S3,heavy_rain,E033,3,1.3,4,0,0,False,Template value—review manually
S4,dense_fog,E033,2,1.2,0,4,0,False,Template value—review manually
S0,weekday_normal,E034,1,1.0,0,0,0,False,Template value—review manually
S1,weekend_busy,E034,4,1.35,0,0,0,False,Template value—review manually
S2,evening_rush,E034,5,1.6,0,0,0,False,Template value—review manually
S3,heavy_rain,E034,3,1.3,4,0,0,False,Template value—review manually
S4,dense_fog,E034,2,1.2,0,4,0,False,Template value—review manually
S0,weekday_normal,E035,1,1.0,0,0,0,False,Template value—review manually
S1,weekend_busy,E035,4,1.35,0,0,0,False,Template value—review manually
S2,evening_rush,E035,5,1.6,0,0,0,False,Template value—review manually
S3,heavy_rain,E035,3,1.3,4,0,0,False,Template value—review manually
S4,dense_fog,E035,2,1.2,0,4,0,False,Template value—review manually
S0,weekday_normal,E036,1,1.0,0,0,0,False,Template value—review manually
S1,weekend_busy,E036,4,1.35,0,0,0,False,Template value—review manually
S2,evening_rush,E036,5,1.6,0,0,0,False,Template value—review manually
S3,heavy_rain,E036,3,1.3,4,0,0,False,Template value—review manually
S4,dense_fog,E036,2,1.2,0,4,0,False,Template value—review manually
S0,weekday_normal,E037,1,1.0,0,0,0,False,Template value—review manually
S1,weekend_busy,E037,4,1.35,0,0,0,False,Template value—review manually
S2,evening_rush,E037,5,1.6,0,0,0,False,Template value—review manually
S3,heavy_rain,E037,3,1.3,4,0,0,False,Template value—review manually
S4,dense_fog,E037,2,1.2,0,4,0,False,Template value—review manually
S0,weekday_normal,E038,1,1.0,0,0,0,False,Template value—review manually
S1,weekend_busy,E038,4,1.35,0,0,0,False,Template value—review manually
S2,evening_rush,E038,5,1.6,0,0,0,False,Template value—review manually
S3,heavy_rain,E038,3,1.3,4,0,0,False,Template value—review manually
S4,dense_fog,E038,2,1.2,0,4,0,False,Template value—review manually
S0,weekday_normal,E039,1,1.0,0,0,0,False,Template value—review manually
S1,weekend_busy,E039,4,1.35,0,0,0,False,Template value—review manually
S2,evening_rush,E039,5,1.6,0,0,0,False,Template value—review manually
S3,heavy_rain,E039,3,1.3,4,0,0,False,Template value—review manually
S4,dense_fog,E039,2,1.2,0,4,0,False,Template value—review manually
S0,weekday_normal,E040,1,1.0,0,0,0,False,Template value—review manually
S1,weekend_busy,E040,4,1.35,0,0,0,False,Template value—review manually
S2,evening_rush,E040,5,1.6,0,0,0,False,Template value—review manually
S3,heavy_rain,E040,3,1.3,4,0,0,False,Template value—review manually
S4,dense_fog,E040,2,1.2,0,4,0,False,Template value—review manually
S0,weekday_normal,E041,1,1.0,0,0,0,False,Template value—review manually
S1,weekend_busy,E041,4,1.35,0,0,0,False,Template value—review manually
S2,evening_rush,E041,5,1.6,0,0,0,False,Template value—review manually
S3,heavy_rain,E041,3,1.3,4,0,0,False,Template value—review manually
S4,dense_fog,E041,2,1.2,0,4,0,False,Template value—review manually
S0,weekday_normal,E042,1,1.0,0,0,0,False,Template value—review manually
S1,weekend_busy,E042,4,1.35,0,0,0,False,Template value—review manually
S2,evening_rush,E042,5,1.6,0,0,0,False,Template value—review manually
S3,heavy_rain,E042,3,1.3,4,0,0,False,Template value—review manually
S4,dense_fog,E042,2,1.2,0,4,0,False,Template value—review manually
S0,weekday_normal,E043,1,1.0,0,0,0,False,Template value—review manually
S1,weekend_busy,E043,4,1.35,0,0,0,False,Template value—review manually
S2,evening_rush,E043,5,1.6,0,0,0,False,Template value—review manually
S3,heavy_rain,E043,3,1.3,4,0,0,False,Template value—review manually
S4,dense_fog,E043,2,1.2,0,4,0,False,Template value—review manually
S0,weekday_normal,E044,1,1.0,0,0,0,False,Template value—review manually
S1,weekend_busy,E044,4,1.35,0,0,0,False,Template value—review manually
S2,evening_rush,E044,5,1.6,0,0,0,False,Template value—review manually
S3,heavy_rain,E044,3,1.3,4,0,0,False,Template value—review manually
S4,dense_fog,E044,2,1.2,0,4,0,False,Template value—review manually
S0,weekday_normal,E045,1,1.0,0,0,0,False,Template value—review manually
S1,weekend_busy,E045,4,1.35,0,0,0,False,Template value—review manually
S2,evening_rush,E045,5,1.6,0,0,0,False,Template value—review manually
S3,heavy_rain,E045,3,1.3,4,0,0,False,Template value—review manually
S4,dense_fog,E045,2,1.2,0,4,0,False,Template value—review manually
S0,weekday_normal,E046,1,1.0,0,0,0,False,Template value—review manually
S1,weekend_busy,E046,4,1.35,0,0,0,False,Template value—review manually
S2,evening_rush,E046,5,1.6,0,0,0,False,Template value—review manually
S3,heavy_rain,E046,3,1.3,4,0,0,False,Template value—review manually
S4,dense_fog,E046,2,1.2,0,4,0,False,Template value—review manually
S0,weekday_normal,E047,1,1.0,0,0,0,False,Template value—review manually
S1,weekend_busy,E047,4,1.35,0,0,0,False,Template value—review manually
S2,evening_rush,E047,5,1.6,0,0,0,False,Template value—review manually
S3,heavy_rain,E047,3,1.3,4,0,0,False,Template value—review manually
S4,dense_fog,E047,2,1.2,0,4,0,False,Template value—review manually
S0,weekday_normal,E048,1,1.0,0,0,0,False,Template value—review manually
S1,weekend_busy,E048,4,1.35,0,0,0,False,Template value—review manually
S2,evening_rush,E048,5,1.6,0,0,0,False,Template value—review manually
S3,heavy_rain,E048,3,1.3,4,0,0,False,Template value—review manually
S4,dense_fog,E048,2,1.2,0,4,0,False,Template value—review manually
S0,weekday_normal,E049,1,1.0,0,0,0,False,Template value—review manually
S1,weekend_busy,E049,4,1.35,0,0,0,False,Template value—review manually
S2,evening_rush,E049,5,1.6,0,0,0,False,Template value—review manually
S3,heavy_rain,E049,3,1.3,4,0,0,False,Template value—review manually
S4,dense_fog,E049,2,1.2,0,4,0,False,Template value—review manually
S0,weekday_normal,E050,1,1.0,0,0,0,False,Template value—review manually
S1,weekend_busy,E050,4,1.35,0,0,0,False,Template value—review manually
S2,evening_rush,E050,5,1.6,0,0,0,False,Template value—review manually
S3,heavy_rain,E050,3,1.3,4,0,0,False,Template value—review manually
S4,dense_fog,E050,2,1.2,0,4,0,False,Template value—review manually
S0,weekday_normal,E051,1,1.0,0,0,0,False,Template value—review manually
S1,weekend_busy,E051,4,1.35,0,0,0,False,Template value—review manually
S2,evening_rush,E051,5,1.6,0,0,0,False,Template value—review manually
S3,heavy_rain,E051,3,1.3,4,0,0,False,Template value—review manually
S4,dense_fog,E051,2,1.2,0,4,0,False,Template value—review manually
S0,weekday_normal,E052,1,1.0,0,0,0,False,Template value—review manually
S1,weekend_busy,E052,4,1.35,0,0,0,False,Template value—review manually
S2,evening_rush,E052,5,1.6,0,0,0,False,Template value—review manually
S3,heavy_rain,E052,3,1.3,4,0,0,False,Template value—review manually
S4,dense_fog,E052,2,1.2,0,4,0,False,Template value—review manually
S0,weekday_normal,E053,1,1.0,0,0,0,False,Template value—review manually
S1,weekend_busy,E053,4,1.35,0,0,0,False,Template value—review manually
S2,evening_rush,E053,5,1.6,0,0,0,False,Template value—review manually
S3,heavy_rain,E053,3,1.3,4,0,0,False,Template value—review manually
S4,dense_fog,E053,2,1.2,0,4,0,False,Template value—review manually
S0,weekday_normal,E054,1,1.0,0,0,0,False,Template value—review manually
S1,weekend_busy,E054,4,1.35,0,0,0,False,Template value—review manually
S2,evening_rush,E054,5,1.6,0,0,0,False,Template value—review manually
S3,heavy_rain,E054,3,1.3,4,0,0,False,Template value—review manually
S4,dense_fog,E054,2,1.2,0,4,0,False,Template value—review manually
S0,weekday_normal,E055,1,1.0,0,0,0,False,Template value—review manually
S1,weekend_busy,E055,4,1.35,0,0,0,False,Template value—review manually
S2,evening_rush,E055,5,1.6,0,0,0,False,Template value—review manually
S3,heavy_rain,E055,3,1.3,4,0,0,False,Template value—review manually
S4,dense_fog,E055,2,1.2,0,4,0,False,Template value—review manually
S0,weekday_normal,E056,1,1.0,0,0,0,False,Template value—review manually
S1,weekend_busy,E056,4,1.35,0,0,0,False,Template value—review manually
S2,evening_rush,E056,5,1.6,0,0,0,False,Template value—review manually
S3,heavy_rain,E056,3,1.3,4,0,0,False,Template value—review manually
S4,dense_fog,E056,2,1.2,0,4,0,False,Template value—review manually
S0,weekday_normal,E057,1,1.0,0,0,0,False,Template value—review manually
S1,weekend_busy,E057,4,1.35,0,0,0,False,Template value—review manually
S2,evening_rush,E057,5,1.6,0,0,0,False,Template value—review manually
S3,heavy_rain,E057,3,1.3,4,0,0,False,Template value—review manually
S4,dense_fog,E057,2,1.2,0,4,0,False,Template value—review manually
S0,weekday_normal,E058,1,1.0,0,0,0,False,Template value—review manually
S1,weekend_busy,E058,4,1.35,0,0,0,False,Template value—review manually
S2,evening_rush,E058,5,1.6,0,0,0,False,Template value—review manually
S3,heavy_rain,E058,3,1.3,4,0,0,False,Template value—review manually
S4,dense_fog,E058,2,1.2,0,4,0,False,Template value—review manually
S0,weekday_normal,E059,1,1.0,0,0,0,False,Template value—review manually
S1,weekend_busy,E059,4,1.35,0,0,0,False,Template value—review manually
S2,evening_rush,E059,5,1.6,0,0,0,False,Template value—review manually
S3,heavy_rain,E059,3,1.3,4,0,0,False,Template value—review manually
S4,dense_fog,E059,2,1.2,0,4,0,False,Template value—review manually
S0,weekday_normal,E060,1,1.0,0,0,0,False,Template value—review manually
S1,weekend_busy,E060,4,1.35,0,0,0,False,Template value—review manually
S2,evening_rush,E060,5,1.6,0,0,0,False,Template value—review manually
S3,heavy_rain,E060,3,1.3,4,0,0,False,Template value—review manually
S4,dense_fog,E060,2,1.2,0,4,0,False,Template value—review manually
S0,weekday_normal,E061,1,1.0,0,0,0,False,Template value—review manually
S1,weekend_busy,E061,4,1.35,0,0,0,False,Template value—review manually
S2,evening_rush,E061,5,1.6,0,0,0,False,Template value—review manually
S3,heavy_rain,E061,3,1.3,4,0,0,False,Template value—review manually
S4,dense_fog,E061,2,1.2,0,4,0,False,Template value—review manually
S0,weekday_normal,E062,1,1.0,0,0,0,False,Template value—review manually
S1,weekend_busy,E062,4,1.35,0,0,0,False,Template value—review manually
S2,evening_rush,E062,5,1.6,0,0,0,False,Template value—review manually
S3,heavy_rain,E062,3,1.3,4,0,0,False,Template value—review manually
S4,dense_fog,E062,2,1.2,0,4,0,False,Template value—review manually
S0,weekday_normal,E063,1,1.0,0,0,0,False,Template value—review manually
S1,weekend_busy,E063,4,1.35,0,0,0,False,Template value—review manually
S2,evening_rush,E063,5,1.6,0,0,0,False,Template value—review manually
S3,heavy_rain,E063,3,1.3,4,0,0,False,Template value—review manually
S4,dense_fog,E063,2,1.2,0,4,0,False,Template value—review manually
S0,weekday_normal,E064,1,1.0,0,0,0,False,Template value—review manually
S1,weekend_busy,E064,4,1.35,0,0,0,False,Template value—review manually
S2,evening_rush,E064,5,1.6,0,0,0,False,Template value—review manually
S3,heavy_rain,E064,3,1.3,4,0,0,False,Template value—review manually
S4,dense_fog,E064,2,1.2,0,4,0,False,Template value—review manually
S0,weekday_normal,E065,1,1.0,0,0,0,False,Template value—review manually
S1,weekend_busy,E065,4,1.35,0,0,0,False,Template value—review manually
S2,evening_rush,E065,5,1.6,0,0,0,False,Template value—review manually
S3,heavy_rain,E065,3,1.3,4,0,0,False,Template value—review manually
S4,dense_fog,E065,2,1.2,0,4,0,False,Template value—review manually
S0,weekday_normal,E066,1,1.0,0,0,0,False,Template value—review manually
S1,weekend_busy,E066,4,1.35,0,0,0,False,Template value—review manually
S2,evening_rush,E066,5,1.6,0,0,0,False,Template value—review manually
S3,heavy_rain,E066,3,1.3,4,0,0,False,Template value—review manually
S4,dense_fog,E066,2,1.2,0,4,0,False,Template value—review manually
S0,weekday_normal,E067,1,1.0,0,0,0,False,Template value—review manually
S1,weekend_busy,E067,4,1.35,0,0,0,False,Template value—review manually
S2,evening_rush,E067,5,1.6,0,0,0,False,Template value—review manually
S3,heavy_rain,E067,3,1.3,4,0,0,False,Template value—review manually
S4,dense_fog,E067,2,1.2,0,4,0,False,Template value—review manually
S0,weekday_normal,E068,1,1.0,0,0,0,False,Template value—review manually
S1,weekend_busy,E068,4,1.35,0,0,0,False,Template value—review manually
S2,evening_rush,E068,5,1.6,0,0,0,False,Template value—review manually
S3,heavy_rain,E068,3,1.3,4,0,0,False,Template value—review manually
S4,dense_fog,E068,2,1.2,0,4,0,False,Template value—review manually
S0,weekday_normal,E069,1,1.0,0,0,0,False,Template value—review manually
S1,weekend_busy,E069,4,1.35,0,0,0,False,Template value—review manually
S2,evening_rush,E069,5,1.6,0,0,0,False,Template value—review manually
S3,heavy_rain,E069,3,1.3,4,0,0,False,Template value—review manually
S4,dense_fog,E069,2,1.2,0,4,0,False,Template value—review manually
S0,weekday_normal,E070,1,1.0,0,0,0,False,Template value—review manually
S1,weekend_busy,E070,4,1.35,0,0,0,False,Template value—review manually
S2,evening_rush,E070,5,1.6,0,0,0,False,Template value—review manually
S3,heavy_rain,E070,3,1.3,4,0,0,False,Template value—review manually
S4,dense_fog,E070,2,1.2,0,4,0,False,Template value—review manually
S0,weekday_normal,E071,1,1.0,0,0,0,False,Template value—review manually
S1,weekend_busy,E071,4,1.35,0,0,0,False,Template value—review manually
S2,evening_rush,E071,5,1.6,0,0,0,False,Template value—review manually
S3,heavy_rain,E071,3,1.3,4,0,0,False,Template value—review manually
S4,dense_fog,E071,2,1.2,0,4,0,False,Template value—review manually
S0,weekday_normal,E072,1,1.0,0,0,0,False,Template value—review manually
S1,weekend_busy,E072,4,1.35,0,0,0,False,Template value—review manually
S2,evening_rush,E072,5,1.6,0,0,0,False,Template value—review manually
S3,heavy_rain,E072,3,1.3,4,0,0,False,Template value—review manually
S4,dense_fog,E072,2,1.2,0,4,0,False,Template value—review manually
S0,weekday_normal,E073,1,1.0,0,0,0,False,Template value—review manually
S1,weekend_busy,E073,4,1.35,0,0,0,False,Template value—review manually
S2,evening_rush,E073,5,1.6,0,0,0,False,Template value—review manually
S3,heavy_rain,E073,3,1.3,4,0,0,False,Template value—review manually
S4,dense_fog,E073,2,1.2,0,4,0,False,Template value—review manually
S0,weekday_normal,E074,1,1.0,0,0,0,False,Template value—review manually
S1,weekend_busy,E074,4,1.35,0,0,0,False,Template value—review manually
S2,evening_rush,E074,5,1.6,0,0,0,False,Template value—review manually
S3,heavy_rain,E074,3,1.3,4,0,0,False,Template value—review manually
S4,dense_fog,E074,2,1.2,0,4,0,False,Template value—review manually
S0,weekday_normal,E075,1,1.0,0,0,0,False,Template value—review manually
S1,weekend_busy,E075,4,1.35,0,0,0,False,Template value—review manually
S2,evening_rush,E075,5,1.6,0,0,0,False,Template value—review manually
S3,heavy_rain,E075,3,1.3,4,0,0,False,Template value—review manually
S4,dense_fog,E075,2,1.2,0,4,0,False,Template value—review manually
S0,weekday_normal,E076,1,1.0,0,0,0,False,Template value—review manually
S1,weekend_busy,E076,4,1.35,0,0,0,False,Template value—review manually
S2,evening_rush,E076,5,1.6,0,0,0,False,Template value—review manually
S3,heavy_rain,E076,3,1.3,4,0,0,False,Template value—review manually
S4,dense_fog,E076,2,1.2,0,4,0,False,Template value—review manually
S0,weekday_normal,E077,1,1.0,0,0,0,False,Template value—review manually
S1,weekend_busy,E077,4,1.35,0,0,0,False,Template value—review manually
S2,evening_rush,E077,5,1.6,0,0,0,False,Template value—review manually
S3,heavy_rain,E077,3,1.3,4,0,0,False,Template value—review manually
S4,dense_fog,E077,2,1.2,0,4,0,False,Template value—review manually
S0,weekday_normal,E078,1,1.0,0,0,0,False,Template value—review manually
S1,weekend_busy,E078,4,1.35,0,0,0,False,Template value—review manually
S2,evening_rush,E078,5,1.6,0,0,0,False,Template value—review manually
S3,heavy_rain,E078,3,1.3,4,0,0,False,Template value—review manually
S4,dense_fog,E078,2,1.2,0,4,0,False,Template value—review manually
S0,weekday_normal,E079,1,1.0,0,0,0,False,Template value—review manually
S1,weekend_busy,E079,4,1.35,0,0,0,False,Template value—review manually
S2,evening_rush,E079,5,1.6,0,0,0,False,Template value—review manually
S3,heavy_rain,E079,3,1.3,4,0,0,False,Template value—review manually
S4,dense_fog,E079,2,1.2,0,4,0,False,Template value—review manually
S0,weekday_normal,E080,1,1.0,0,0,0,False,Template value—review manually
S1,weekend_busy,E080,4,1.35,0,0,0,False,Template value—review manually
S2,evening_rush,E080,5,1.6,0,0,0,False,Template value—review manually
S3,heavy_rain,E080,3,1.3,4,0,0,False,Template value—review manually
S4,dense_fog,E080,2,1.2,0,4,0,False,Template value—review manually
S0,weekday_normal,E081,1,1.0,0,0,0,False,Template value—review manually
S1,weekend_busy,E081,4,1.35,0,0,0,False,Template value—review manually
S2,evening_rush,E081,5,1.6,0,0,0,False,Template value—review manually
S3,heavy_rain,E081,3,1.3,4,0,0,False,Template value—review manually
S4,dense_fog,E081,2,1.2,0,4,0,False,Template value—review manually
S0,weekday_normal,E082,1,1.0,0,0,0,False,Template value—review manually
S1,weekend_busy,E082,4,1.35,0,0,0,False,Template value—review manually
S2,evening_rush,E082,5,1.6,0,0,0,False,Template value—review manually
S3,heavy_rain,E082,3,1.3,4,0,0,False,Template value—review manually
S4,dense_fog,E082,2,1.2,0,4,0,False,Template value—review manually
S0,weekday_normal,E083,1,1.0,0,0,0,False,Template value—review manually
S1,weekend_busy,E083,4,1.35,0,0,0,False,Template value—review manually
S2,evening_rush,E083,5,1.6,0,0,0,False,Template value—review manually
S3,heavy_rain,E083,3,1.3,4,0,0,False,Template value—review manually
S4,dense_fog,E083,2,1.2,0,4,0,False,Template value—review manually
S0,weekday_normal,E084,1,1.0,0,0,0,False,Template value—review manually
S1,weekend_busy,E084,4,1.35,0,0,0,False,Template value—review manually
S2,evening_rush,E084,5,1.6,0,0,0,False,Template value—review manually
S3,heavy_rain,E084,3,1.3,4,0,0,False,Template value—review manually
S4,dense_fog,E084,2,1.2,0,4,0,False,Template value—review manually
S0,weekday_normal,E085,1,1.0,0,0,0,False,Template value—review manually
S1,weekend_busy,E085,4,1.35,0,0,0,False,Template value—review manually
S2,evening_rush,E085,5,1.6,0,0,0,False,Template value—review manually
S3,heavy_rain,E085,3,1.3,4,0,0,False,Template value—review manually
S4,dense_fog,E085,2,1.2,0,4,0,False,Template value—review manually
S0,weekday_normal,E086,1,1.0,0,0,0,False,Template value—review manually
S1,weekend_busy,E086,4,1.35,0,0,0,False,Template value—review manually
S2,evening_rush,E086,5,1.6,0,0,0,False,Template value—review manually
S3,heavy_rain,E086,3,1.3,4,0,0,False,Template value—review manually
S4,dense_fog,E086,2,1.2,0,4,0,False,Template value—review manually
S0,weekday_normal,E087,1,1.0,0,0,0,False,Template value—review manually
S1,weekend_busy,E087,4,1.35,0,0,0,False,Template value—review manually
S2,evening_rush,E087,5,1.6,0,0,0,False,Template value—review manually
S3,heavy_rain,E087,3,1.3,4,0,0,False,Template value—review manually
S4,dense_fog,E087,2,1.2,0,4,0,False,Template value—review manually
S0,weekday_normal,E088,1,1.0,0,0,0,False,Template value—review manually
S1,weekend_busy,E088,4,1.35,0,0,0,False,Template value—review manually
S2,evening_rush,E088,5,1.6,0,0,0,False,Template value—review manually
S3,heavy_rain,E088,3,1.3,4,0,0,False,Template value—review manually
S4,dense_fog,E088,2,1.2,0,4,0,False,Template value—review manually
S0,weekday_normal,E089,1,1.0,0,0,0,False,Template value—review manually
S1,weekend_busy,E089,4,1.35,0,0,0,False,Template value—review manually
S2,evening_rush,E089,5,1.6,0,0,0,False,Template value—review manually
S3,heavy_rain,E089,3,1.3,4,0,0,False,Template value—review manually
S4,dense_fog,E089,2,1.2,0,4,0,False,Template value—review manually
S0,weekday_normal,E090,1,1.0,0,0,0,False,Template value—review manually
S1,weekend_busy,E090,4,1.35,0,0,0,False,Template value—review manually
S2,evening_rush,E090,5,1.6,0,0,0,False,Template value—review manually
S3,heavy_rain,E090,3,1.3,4,0,0,False,Template value—review manually
S4,dense_fog,E090,2,1.2,0,4,0,False,Template value—review manually
S0,weekday_normal,E091,1,1.0,0,0,0,False,Template value—review manually
S1,weekend_busy,E091,4,1.35,0,0,0,False,Template value—review manually
S2,evening_rush,E091,5,1.6,0,0,0,False,Template value—review manually
S3,heavy_rain,E091,3,1.3,4,0,0,False,Template value—review manually
S4,dense_fog,E091,2,1.2,0,4,0,False,Template value—review manually
S0,weekday_normal,E092,1,1.0,0,0,0,False,Template value—review manually
S1,weekend_busy,E092,4,1.35,0,0,0,False,Template value—review manually
S2,evening_rush,E092,5,1.6,0,0,0,False,Template value—review manually
S3,heavy_rain,E092,3,1.3,4,0,0,False,Template value—review manually
S4,dense_fog,E092,2,1.2,0,4,0,False,Template value—review manually
S0,weekday_normal,E093,1,1.0,0,0,0,False,Template value—review manually
S1,weekend_busy,E093,4,1.35,0,0,0,False,Template value—review manually
S2,evening_rush,E093,5,1.6,0,0,0,False,Template value—review manually
S3,heavy_rain,E093,3,1.3,4,0,0,False,Template value—review manually
S4,dense_fog,E093,2,1.2,0,4,0,False,Template value—review manually
S0,weekday_normal,E094,1,1.0,0,0,0,False,Template value—review manually
S1,weekend_busy,E094,4,1.35,0,0,0,False,Template value—review manually
S2,evening_rush,E094,5,1.6,0,0,0,False,Template value—review manually
S3,heavy_rain,E094,3,1.3,4,0,0,False,Template value—review manually
S4,dense_fog,E094,2,1.2,0,4,0,False,Template value—review manually
S0,weekday_normal,E095,1,1.0,0,0,0,False,Template value—review manually
S1,weekend_busy,E095,4,1.35,0,0,0,False,Template value—review manually
S2,evening_rush,E095,5,1.6,0,0,0,False,Template value—review manually
S3,heavy_rain,E095,3,1.3,4,0,0,False,Template value—review manually
S4,dense_fog,E095,2,1.2,0,4,0,False,Template value—review manually
S0,weekday_normal,E096,1,1.0,0,0,0,False,Template value—review manually
S1,weekend_busy,E096,4,1.35,0,0,0,False,Template value—review manually
S2,evening_rush,E096,5,1.6,0,0,0,False,Template value—review manually
S3,heavy_rain,E096,3,1.3,4,0,0,False,Template value—review manually
S4,dense_fog,E096,2,1.2,0,4,0,False,Template value—review manually
S0,weekday_normal,E097,1,1.0,0,0,0,False,Template value—review manually
S1,weekend_busy,E097,4,1.35,0,0,0,False,Template value—review manually
S2,evening_rush,E097,5,1.6,0,0,0,False,Template value—review manually
S3,heavy_rain,E097,3,1.3,4,0,0,False,Template value—review manually
S4,dense_fog,E097,2,1.2,0,4,0,False,Template value—review manually
S0,weekday_normal,E098,1,1.0,0,0,0,False,Template value—review manually
S1,weekend_busy,E098,4,1.35,0,0,0,False,Template value—review manually
S2,evening_rush,E098,5,1.6,0,0,0,False,Template value—review manually
S3,heavy_rain,E098,3,1.3,4,0,0,False,Template value—review manually
S4,dense_fog,E098,2,1.2,0,4,0,False,Template value—review manually
S0,weekday_normal,E099,1,1.0,0,0,0,False,Template value—review manually
S1,weekend_busy,E099,4,1.35,0,0,0,False,Template value—review manually
S2,evening_rush,E099,5,1.6,0,0,0,False,Template value—review manually
S3,heavy_rain,E099,3,1.3,4,0,0,False,Template value—review manually
S4,dense_fog,E099,2,1.2,0,4,0,False,Template value—review manually
S0,weekday_normal,E100,1,1.0,0,0,0,False,Template value—review manually
S1,weekend_busy,E100,4,1.35,0,0,0,False,Template value—review manually
S2,evening_rush,E100,5,1.6,0,0,0,False,Template value—review manually
S3,heavy_rain,E100,3,1.3,4,0,0,False,Template value—review manually
S4,dense_fog,E100,2,1.2,0,4,0,False,Template value—review manually
S0,weekday_normal,E101,1,1.0,0,0,0,False,Template value—review manually
S1,weekend_busy,E101,4,1.35,0,0,0,False,Template value—review manually
S2,evening_rush,E101,5,1.6,0,0,0,False,Template value—review manually
S3,heavy_rain,E101,3,1.3,4,0,0,False,Template value—review manually
S4,dense_fog,E101,2,1.2,0,4,0,False,Template value—review manually
S0,weekday_normal,E102,1,1.0,0,0,0,False,Template value—review manually
S1,weekend_busy,E102,4,1.35,0,0,0,False,Template value—review manually
S2,evening_rush,E102,5,1.6,0,0,0,False,Template value—review manually
S3,heavy_rain,E102,3,1.3,4,0,0,False,Template value—review manually
S4,dense_fog,E102,2,1.2,0,4,0,False,Template value—review manually
S0,weekday_normal,E103,1,1.0,0,0,0,False,Template value—review manually
S1,weekend_busy,E103,4,1.35,0,0,0,False,Template value—review manually
S2,evening_rush,E103,5,1.6,0,0,0,False,Template value—review manually
S3,heavy_rain,E103,3,1.3,4,0,0,False,Template value—review manually
S4,dense_fog,E103,2,1.2,0,4,0,False,Template value—review manually
S0,weekday_normal,E104,1,1.0,0,0,0,False,Template value—review manually
S1,weekend_busy,E104,4,1.35,0,0,0,False,Template value—review manually
S2,evening_rush,E104,5,1.6,0,0,0,False,Template value—review manually
S3,heavy_rain,E104,3,1.3,4,0,0,False,Template value—review manually
S4,dense_fog,E104,2,1.2,0,4,0,False,Template value—review manually
S0,weekday_normal,E105,1,1.0,0,0,0,False,Template value—review manually
S1,weekend_busy,E105,4,1.35,0,0,0,False,Template value—review manually
S2,evening_rush,E105,5,1.6,0,0,0,False,Template value—review manually
S3,heavy_rain,E105,3,1.3,4,0,0,False,Template value—review manually
S4,dense_fog,E105,2,1.2,0,4,0,False,Template value—review manually
S0,weekday_normal,E106,1,1.0,0,0,0,False,Template value—review manually
S1,weekend_busy,E106,4,1.35,0,0,0,False,Template value—review manually
S2,evening_rush,E106,5,1.6,0,0,0,False,Template value—review manually
S3,heavy_rain,E106,3,1.3,4,0,0,False,Template value—review manually
S4,dense_fog,E106,2,1.2,0,4,0,False,Template value—review manually
S0,weekday_normal,E107,1,1.0,0,0,0,False,Template value—review manually
S1,weekend_busy,E107,4,1.35,0,0,0,False,Template value—review manually
S2,evening_rush,E107,5,1.6,0,0,0,False,Template value—review manually
S3,heavy_rain,E107,3,1.3,4,0,0,False,Template value—review manually
S4,dense_fog,E107,2,1.2,0,4,0,False,Template value—review manually
S0,weekday_normal,E108,1,1.0,0,0,0,False,Template value—review manually
S1,weekend_busy,E108,4,1.35,0,0,0,False,Template value—review manually
S2,evening_rush,E108,5,1.6,0,0,0,False,Template value—review manually
S3,heavy_rain,E108,3,1.3,4,0,0,False,Template value—review manually
S4,dense_fog,E108,2,1.2,0,4,0,False,Template value—review manually
S0,weekday_normal,E109,1,1.0,0,0,0,False,Template value—review manually
S1,weekend_busy,E109,4,1.35,0,0,0,False,Template value—review manually
S2,evening_rush,E109,5,1.6,0,0,0,False,Template value—review manually
S3,heavy_rain,E109,3,1.3,4,0,0,False,Template value—review manually
S4,dense_fog,E109,2,1.2,0,4,0,False,Template value—review manually
S0,weekday_normal,E110,1,1.0,0,0,0,False,Template value—review manually
S1,weekend_busy,E110,4,1.35,0,0,0,False,Template value—review manually
S2,evening_rush,E110,5,1.6,0,0,0,False,Template value—review manually
S3,heavy_rain,E110,3,1.3,4,0,0,False,Template value—review manually
S4,dense_fog,E110,2,1.2,0,4,0,False,Template value—review manually
S0,weekday_normal,E111,1,1.0,0,0,0,False,Template value—review manually
S1,weekend_busy,E111,4,1.35,0,0,0,False,Template value—review manually
S2,evening_rush,E111,5,1.6,0,0,0,False,Template value—review manually
S3,heavy_rain,E111,3,1.3,4,0,0,False,Template value—review manually
S4,dense_fog,E111,2,1.2,0,4,0,False,Template value—review manually
S0,weekday_normal,E112,1,1.0,0,0,0,False,Template value—review manually
S1,weekend_busy,E112,4,1.35,0,0,0,False,Template value—review manually
S2,evening_rush,E112,5,1.6,0,0,0,False,Template value—review manually
S3,heavy_rain,E112,3,1.3,4,0,0,False,Template value—review manually
S4,dense_fog,E112,2,1.2,0,4,0,False,Template value—review manually
S0,weekday_normal,E113,1,1.0,0,0,0,False,Template value—review manually
S1,weekend_busy,E113,4,1.35,0,0,0,False,Template value—review manually
S2,evening_rush,E113,5,1.6,0,0,0,False,Template value—review manually
S3,heavy_rain,E113,3,1.3,4,0,0,False,Template value—review manually
S4,dense_fog,E113,2,1.2,0,4,0,False,Template value—review manually
S0,weekday_normal,E114,1,1.0,0,0,0,False,Template value—review manually
S1,weekend_busy,E114,4,1.35,0,0,0,False,Template value—review manually
S2,evening_rush,E114,5,1.6,0,0,0,False,Template value—review manually
S3,heavy_rain,E114,3,1.3,4,0,0,False,Template value—review manually
S4,dense_fog,E114,2,1.2,0,4,0,False,Template value—review manually
